utopia,Název,Sklo,Postup,Složení,Garnýž,Poznámka autora,Trvanlivost,,,
,Negroni vyzrálé,Broušená whiskovka,"8cl Stir, kvádr ledu","Gin Jane, Campari, Jeptišky, Šípek, Circular orange",Pomeranč peel,,,,,
,Zlaté Prasátko,hladká whiskovka,"Shake, double strain","3cl Tosh gin, 2,5cl Kofola cordial,       1,5cl citón, 2cl Vegg white ( vždy protřepat lahev vegg white!!) ",Pomerančový penízek z peelu- vykrajovátka zařídím,,,,,
,Nedělní Sámoška,hladká whiskovka,"Build do skla na led, nanést espumu","2cl Gloria Pure Original, 2cl Cryo vodka, pěna z Pikaaa",pěna z Pikaaa,utop,,,,
,Diskitto Biscuitto,Pivní custom whg (minulé menu Oaky doaky),"Shake, double strain",4cl Old Overholt Rye whisky                      1cl Amaro Montenegro                           2cl Sušenko mléčně máslový sirup             Choco bitters 1 dash,Sušenkovo čokoládový crumble,,,,,
,Arizonka Reverie,Nick&Nora,"Shake, double strain",4cl Duppy White                                     1cl Luxardo marashino                               2cl Arizonkovo vanilkový sirup                                   1.5cl Limetová šťáva                                     Grepové bitters 1 dash,Rim z arizonek,,,,,
,Tang,Vínovka,Shake & Double Strain                        ,"3cl Hapusa gin
4cl mandarinkovy cordial s kardamonem a citronovou trávou, 2cl citron fresh
10cl Prosecco Riondo",Pomerančový prach,,,,,
,Currant Libre ,Broušený Long,Build,"4cl Don Papa Alon, 1,5cl Gloria single origin, 2,5 sirup z coly a černého rybízu, 1dash Fee Brothers cherry bitters, 1cl čerstvá limetková šťáva, top 10cl soda","Třešnička, paraplíčko",,,,,
,Cobrovka,Čtyřhranná whiskovka,Shake & Double Strain,"2cl Skinos Mastiha, 1cl Garage 22 Aquavit, 1cl koprový sirup, 1cl neco jako limeta 1dash celer bitters ",Nakládaná shimeji houbička ,,,,,
,Vodka ne s džusem ,Úzký long,Build,"4cl Cryo vodka, 15cl klarifikovaná kořeněná pomerančová šťáva.",Pomerančový pin,,,,,
,Víkend u Babičky,Zavařovačka,Shake,"3cl calvados ,1cl super pommeau,1cl frangelico, 6.5cl štrůdl prep. 1dash black walnut bitters , top soda 10cl",Rumové hrozinky ,,,,,
,Mákgarita,Nick & Nora vysoká,shake,"4cl Tres alegres compadres blanco ,1cl verveine du velay ( Yellow)  2cl fresh citron, 1,5cl poppy orgeat , 1dash orage bitters , citron zaostřik ",Mák ,,,,,
,Ne vodka ne s džusem N/A,Úzký long ,"Build, lehce promíchat ","2cl Roots Divino Bianco, 15cl kořeněné pomerančové šťávy",Pomerančový pin,,,,,
,Cobrovka N/A,Čtyřhranná whiskovka,"Shale, double strain","1cl sirup z hojníku horského, 1cl koprovy sirup 1cl neco jako limeta, 1 dash Fee Brothetrs celery bitters",Nakládaná shimeji houbička ,,,,,
,Mákgarita N/A,Nick & Nora,"Shake, double strain","4cl Almave , 1cl Opius rubedo , 1.5cl poppy orgeat ,2cl citron fresh , 1 dash orange bitters ",Mák ,,,,,
,Tang N/A,Vínovka,"Shake, double strain","3cl Jenny in the bottle, 4cl mandarinkovy cordial s citronovou trávou a kardamonem, 2cl citron fresh, Kolonne/Null Cuvée Blanc",Pomerančový prach,,,,,
,Střízlivé Zlaté Prasátko,hladká whiskovka,"Shake, double strain, ","3cl Tanqueray 0.0, 2,5cl Kofola cordial, 1,5cl citón, 2cl Vegg white ( vždy protřepat lahev vegg white!!) ",Pomerančový penízek z peelu- vykrajovátka zařídím,,,,,
,,,,,,,,,,
,Cobrazgroni,Broušená whiskovka,Stir in Mixing Glass na Kvádr,3cl Cobraz Krajiny Gin (americano prep 6cl)  3cl Campari  3cl Cinzano Rosso 1757,Pomerančová Kůra,,,,,
,Cobraz G&T,GT sklo,Přímo do skla          separe                         Lahvička Fever Tree Tonic,4cl Cobraz Krajiny Gin 1ks Fever Tree Tonic,Microgreeens       Jalovec,,,,,
,Občasník,,,,,,,,,
,,,,,,,,,,
,Kingston Negroni," 20ml dp, 20ml sweet vermouth, 20ml campari",,,,,,,,
,Papa Caipirinha,"20ml DP Alon,20ml cachaca 0,50ml kokos sirup, 20ml kota pandan, 25ml lemon juice",,,,,,,,
,Smoky beetrot,"20ml DP Gayuma, 20ml Apollo Nova, 10ml elderflover, 10ml agave sirup",,,,,,,,
,Palomita,"40ml DP Masskara, 10ml lemon juice, 150ml grepova soda",,,,,,,,
,,,,,,,,,,
,"Lime cloud margarita
(Margarita week)",Nick Nora,roll,"3cl Fiesta
1cl koriandrovy cordial 
1kvantro 0,5cl něco jako lime
3kapky solný roztok
limetovoananasová Espuma",nadrcený růžový pepř,,,,,
,Scarlet,broušený long,"shake, double strain","4cl Bohemian gin
3cl Scarlett cordialcca 
0,5cl limety
1dsh rebarbora bitters
Top up mattoni",Limeta zest a růže,,,,,
,Aceto Sherry,úzký long,"Build, lehce promíchat ","3cl Dlabka london dry gin
1,5cl Dlabka višňovka
3cl Aronie shrub                                                    7cl cca Bylinková soda",Naše (čti Glorijána) nakládaná třešnička,,,,,
,Welcome: Api & Tonic,vínovka,build,"2cl tanqueray gin inf klitorii, 8cl double dutch tonic, 5cl seicha",,,,,,
,BLUE FLITR,vínovka,"shake, double strain","30ml Gin Jane
10ml limeta
20ml sirup klitorie
100ml prosecco",plátek citronu ,,,,,
,VELVET VICE,,slothgroni 8cl prep,,,,,,,
,DISCOBALL,úzký long,build,"30ml singleton
20ml meruňka 
Yuzu bitter
bylinková voda",plátek pomík,,,,,
,,,,,,,,,,
,,,,,,,,,,
,,,,,,,,,,
,,,,,,,,,,
,,,,,,,,,,
,404 Wine not found,vínovka,Build,"Soda 1dc
1dcl Kolonne null                                             20ml klitorie sirup,  fresh nevim zkusíme",plátek citronu ,,,,,
,Ginger Monkey,Broušený long,Build Up,"4cl whisky Monkey Shoulder, Fever Tree Ginger Ale",plátek pomeranče.,,,,,
,Hendrick´s RED,Vinná Sklenička,Build Up,"4cl Hendricks gin, 10cl Ginger Ale, 1cl lime fresh, 1cl grenadine,",limeta,,,, ,
,,,,,,,,,,
,Pomerančovogrepová s mátou , limo glass,"sirup, citron fresh, top soda, promíchat","4cl sirup, 1cl citron fresh, top soda, promíchat","sušený citrus, bylinka",,,,,
,Meruňková,,"sirup, citron fresh, top soda, promíchat","4cl sirup, 1cl citron fresh, top soda, promíchat",,,,,, 
,Cobří Zázvor ,,"sirup, citron fresh, top soda, promíchat","4cl sirup, 1cl citron fresh, top soda, promíchat",,,,,,
,Cobra Cola,,"sirup, citron fresh, top soda, promíchat","4cl sirup, 1cl citron fresh, top soda, promíchat",,,,,,
,Piu  Piu Malina                     Piu Piu Rakytník,,"nejdřív soda, citron, pak sirupy","4cl Sirup
1cl citron fresh
top soda",,,,,, 
,Butterfly Effect,Vínovka,Přímo do skleničky,"1dc Euforie, 2cl Černý Bez Simple, 3 kapky Yuzu Bitters, Top Up 4cl LC Tonic ",Měsíček limety + Microgreens,,,,,
,Paraguay Limonade,Broušený long,přimo do skla,"1dcl maté cold brew, , 1cl citron, 4cl mediter sirup, 2dash pomeranč bitter, top up soda",Pomík kůra,,,,,
,Utopia Limonade,hladká whiskovka,přímo do skla,"2cl utopia ocet, 1cl midsommar sirup, top soda",microgreeens,,,,,
,Sober Society (N/A),longovka,"Vše, až na sodu do šejkru, dolít sodou","Red Bitter 3cl, Merunkový sirup 2cl, Grepový mošt 8cl, citron 2cl, soda na dolití","Plátky grepu, tymian",,,,,
,Wannabe Gin&Tonic (N/A),GT goblet,přímo do skla na led,"3cl Jenny in the Bottle , 1,5dl tonic double dutch","Jablko, bylinka",,,,,
,Volante spritz,vinovka ,přímo do skla na led,"4cl volante, 8cl spuntane, 4cl soda ",plátek grepu ,,,,,
,Corazone sunset ,Classy Long,Hard Shake,"4cl hruškový mošt, 2cl limeta fresh, 1,5cl bigalet cola, 6 kapek foamer, top landcraft tonic ",Zastříknout skleničku twistem pomerančové kůry + 3 kapky Angostura Bitters  na pěnu,,,,,
,,,,,,,,,,
,Glorian's Negroni,Hladká whiskovka,stir,"3cl tanqueray gin,  1cl cynar 1cl campari 2cl Gloria",Grep,,,,,
,Mezcal Negroni,Broušená whiskovka,Stir,"3cl mezcal san cosme, 3cl campari, 3cl cinzano rosso 1757",pomík kůra,,,,,
,Negroni ,Broušená whiskovka,Stir,"(9cl Prep) 3cl campari, 3cl cinzano rosso 1757, 3cl Tanqueray gin",pomík kůra,,,,,
,Negroni Sbagliato,Broušená whiskovka,Stir ve skle,"3cl Campari, 3cl Cinzano rosso 1757, 5cl prosecco",pomík kůra,,,,,
,Gonzoni,Broušená whiskovka,"Stir, top prosecco","(9cl Prep) 3cl Tanqueray gin3cl Campari, 3cl Cinzano rosso 1757, 5cl prosecco",pomík kůra,,,,,
,Boulevardier,Hladká whiskovka,Stir,"3cl campari, 3cl cinzano rosso 1757, 3cl Wild Turkey",pomík kůra,,,,,
,Kingston,Hladká whiskovka,,"3cl campari, 3cl cinzano rosso 1757, 3cl Angostura 7y",pomík kůra,,,,,
,Americano,Broušená whiskovka,Stir ve skle,"4cl campari, 4cl cinzano rosso 1757, Soda",plátek pomeranče,,,,,
,Negroni no. 22,broušená whiskovka,stir,"2cl Gin22 habanero mango, 3cl Cinzano 1957, 3cl Campari",plátek pomeranče,,,,,
,,,,,,,,,,
,,,,,,,,,,
,,,,,,,,,,
,,,,,,,,,,
,,,,,,,,,,
,TAKE IT EASE,vinovka,"shake, double strain","3cl tanqueray sevilla, 2cl redberries cordial, top prosecco",lime zest,,,,,
,VIVA LA PALOMA,broušený long,build,"3cl don julio blanco, 1cl gloria, 1cl lime fresh, top grepova soda",sul krusta,,,,,
,ICE ME NICE,hubeny long,"shake, double strain","4cl J.W black label, 8cl rooibos čaj, citron fresh,",pomik zest,,,,,
,LOVELY LAV,modra whiskovka,stir,"5cl singleton, 1,5cl levandule med, 4dash orange bitters",pomik zest,,,,,
,,,,,,,,,,
,,,,,,,,,,
,,,,,,,,,,
,,,,,,,,,,
,,,,,,,,,,
,,,,,,,,,,
,,,,,,,,,,
,,,,,,,,,,
,,,,,,,,,,
,,,,,,,,,,
,,,,,,,,,,
,,,,,,,,,,
,,,,,,,,,,
,,,,,,,,,,
,,,,GINSTAR,coupette,shake double strain,"3cl Cobraz Krajiny gin
4cl passionfruit mošt
2cl ibišek-vanilka sirup
1cl limeta fresh
0,5cl vegg white
Prosecco",3kapky Nahoru pipeta klitorie,,
,,,,SOBER GINSTAR,coupette,shake double strain,"3cl Jenny in the bottle
4cl passionfruit mošt
2cl ibišek-vanilka sirup
1cl limeta fresh
0,5cl vegg white, kolonne null šumivé",3kapky Nahoru pipeta klitorie,,
,,,,MONČÍTA,broušena whiskovka,stir,"Artspritz 3cl
Cointreau 2cl
Sirup z mostu passionfruit 2cl
2dash angostura bitters
Kokos orgeat 1cl
Limeta fresh 1cl",pomik zest,,
,,,,SOBER MONČÍTA,broušena whiskovka,stir,"Opius rubedo 3cl
Passionfruit sirup 2cl
Angostura bitters 2dash
Kokos orgeat 1cl
Limeta fresh 1cl",pomik zest,,
,,,,"Medúza
",hladká whiskovka,shake,klasika caipirinha,klitorie vedle jako senses,,