,Název,Sklo,Postup,Složení,Garnýž,Poznámka autora,Trvanlivost,Kategorie,,
,Negroni vyzrálé,Broušená whiskovka,"8cl NEGRONI VYZRÁLÉ, Stir, kvádr ledu","Gin Jane, Campari, Jeptišky, Šípek, Circular orange",Pomeranč peel,,,Negroni,,
,Wild Kentucky apricot ,hladká whiskovka,"Stire down in mixing glass, pour over ice block with dimple in the top ( C) drop few thyme oil drops into the dimple- crack salt and pepper on the top and place the small thyme sprig over ","4cl wild turkey 101, 2cl bitter truth apricot, 1cl něco jako citron , 2dsh peach bitters, Couple drops of thyme oil, salt & pepper and thyme sprig. ",Tymiánovy olej . Sůl a pepř raznice C na kvádr ledu,,,,,
,SummerKick `26,hladký long,build,"3cl Becherovka, 2cl Campari, 0.5cl limeta, dolít kombuchou","Snítka máty, sušené ovoce",,,,,
,Martini me please ,hladká whiskovka,stir ,"3cl San Cosme Mezcal, 3cl Apricot vermouth (infuze Cinzano 1757, Noilly Prat dry)",Opálená meruňka,,,,,
,Take it SloeER,broušený long,"Shake, bez strainu, jako caipirinha, top Espuma, brčko","3cl Ginbery's sloe gin, 6cl rebarbora roiboos cordial, top prosecco Espuma (cca 100ml?)",Zerowaste prach,,,,,
,CCTV²,Nick Nora,"shake, double strain","4cl Tres Alegres Compadres blanco, 4cl okurkovo koriandrový cordial.",Pomerančový olej ,,,,,
,blueberry fizz,vínovka,"shake, double strain","3cl GinJane Landcraft
4cl borůvkový coridial
Top up Kliment Cidre Extra brut Barik 2018",rozmaryn,,,,,
,Handle With Care,hluboká coupette. ,"shake, double strain na 4kostky ledu, top kokosový vzduch","2cl Don Papa Alon, 2cl Rebellion spiced rum, 1cl Cargo Cult Banana spiced rum, 1cl Kokosový Orgeat, 2cl Lime Fresh, 3cl Brusinkový mošt,",kokosový vzduch,"Roztok na kokosový vzduch najdeš v šuplíku nebo v generál mrazáku.
Recept na kokosový vzduch. ( 15cl tekutiny) na= 13cl kokos ogreat, 2cl neco jako limeta, 0,5cl salsol na (2g lecitinu)",,,,
,Moongroni,Broušená whiskovka,stir na kvádr ledu,"3cl Cobraz Krajiny Landcraft
4cl Cinzano Rosso 1757 vermuth
2cl Campari,
Měsíček lékařský infuze, zástřik měsíčkovým parfíémem",zástřik měsíčkovým parfíémem,,,,,
,Say Hi To BioOko,vínovka,build,"3cl Seven Vodka, 0,5cl Amaretto Disaronno, 5cl oolong cordial, 10cl grepová sofa",Grepový peel,,,,,
,Feeling blue - ish ,Nick Nora,stir martini style with top,"3cl haymans gin, 1cl frangelico, 1cl motyli syrup, top proseccco espuma .",Okurkové kuličky na napichovátku ,,,,,
,Take it SloeRR N/A,broušený long,"Shake, bez strainu, jako caipirinha, top Espuma, brčko","3cl (Švestkový sirup), 6cl rebarbora roiboos cordial, top Kolonne/Null Cuvée Blanc Espuma  cca 80ml",Zerowaste prach,,,nealko,,
,Blueberry Fizz N/A,vínovka,"shake, double strain","3cl Jenny in the bottle, 3cl borůvkový cordial,Kolonne/Null Cuvée Blanc",rozmaryn,,,nealko,,
,Buterfly effect N/A,vínovka,build,"1dc Euforie, 2cl Černý Bez Simple, 3 kapky Yuzu Bitters, Top Up 4cl LC Tonic ",microgreeens,,,nealko,,
,Granate Mermaid N/A,vínovka,build,"3cl samurai shot, 5cl mošt granátové jablko, 1cl simple sirup",poník peel,,,nealko,,
,Cobrazgroni,Broušená whiskovka,Stir in Mixing Glass na Kvádr,3cl Cobraz Krajiny Gin (americano prep 6cl)  3cl Campari  3cl Cinzano Rosso 1757,Pomerančová Kůra,,,Negroni,,
,Cobraz G&T,GT sklo,Přímo do skla          separe                         Lahvička Fever Tree Tonic,4cl Cobraz Krajiny Gin 1ks Fever Tree Tonic,Microgreeens       Jalovec,,,,,
,,,,,,,,,,
,,,,,,,,,,
,,,,,,,,,,
,Ginger Monkey,Broušený long,Build Up,"4cl whisky Monkey Shoulder, 1cl citron fresh, Fever Tree Ginger Ale",plátek pomeranče.,,,SPARTA,,
,Hendrick´s RED,Vinná Sklenička,Build Up,"4cl Hendricks gin, 10cl Ginger Ale, 1cl lime fresh, 1cl grenadine,",limeta,,,SPARTA, ,
,,,,,,,,,,
,Oolongová, limo glass,"sirup, citron fresh, top soda, promíchat","4cl sirup, 1cl citron fresh, top soda, promíchat","sušený citrus, bylinka",,,nealko,,
,Meruňková,,"sirup, citron fresh, top soda, promíchat","4cl sirup, 1cl citron fresh, top soda, promíchat",,,,nealko,, 
,Cobří Zázvor ,,"sirup, citron fresh, top soda, promíchat","4cl sirup, 1cl citron fresh, top soda, promíchat",,,,nealko,,
,Cobra Cola,,"sirup, citron fresh, top soda, promíchat","4cl sirup, 1cl citron fresh, top soda, promíchat",,,,nealko,,
,Piu  Piu Malina                     Piu Piu Rakytník,,"nejdřív soda, citron, pak sirupy","4cl Sirup
1cl citron fresh
top soda",,,,nealko,, 
,Butterfly Effect,Vínovka,Přímo do skleničky,"1dc Euforie, 2cl Černý Bez Simple, 3 kapky Yuzu Bitters, Top Up 4cl LC Tonic ",Měsíček limety + Microgreens,,,,,
,Turkish Limonade,Broušený long,přimo do skla,"1dcl ryze cold brew, , 1cl citron, 2cl levandule sirup, 2dash pomeranč bitter, top up soda",Pomík kůra,,,nealko,,
,Utopia Limonade,hladká whiskovka,přímo do skla,"2cl utopia ocet, 1cl midsommar sirup, top soda",microgreeens,,,nealko,,
,Sober Society (N/A),longovka,"Vše, až na sodu do šejkru, dolít sodou","Red Bitter 3cl, Merunkový sirup 2cl, Grepový mošt 8cl, citron 2cl, soda na dolití","Plátky grepu, tymian",,,nealko,,
,Wannabe Gin&Tonic (N/A),GT goblet,přímo do skla na led,"3cl Jenny in the Bottle , 1,5dl tonic double dutch","Jablko, bylinka",,,nealko,,
,Volante spritz,vinovka ,přímo do skla na led,"4cl volante, 8cl N/A cuvee blanc, 4cl soda ",plátek grepu ,,,nealko,,
,,,,,,,,nealko,,
,,,,,,,,,,
,Glorian's Negroni,Hladká whiskovka,stir,"3cl tanqueray gin, 2cl campari, 1cl cinzano rosso, 1cl gloria",Grep,,,Negroni,,
,Mezcal Negroni,Broušená whiskovka,Stir,"3cl mezcal san cosme, 3cl campari, 3cl cinzano rosso 1757",pomík kůra,,,Negroni,,
,Negroni ,Broušená whiskovka,Stir,"(9cl Prep) 3cl campari, 3cl cinzano rosso 1757, 3cl Tanqueray gin",pomík kůra,,,Negroni,,
,Negroni Sbagliato,Broušená whiskovka,Stir ve skle,"3cl Campari, 3cl Cinzano rosso 1757, 5cl prosecco",pomík kůra,,,Negroni,,
,Gonzoni,Broušená whiskovka,"Stir, top prosecco","(9cl Prep) 3cl Tanqueray gin3cl Campari, 3cl Cinzano rosso 1757, 5cl prosecco",pomík kůra,,,Negroni,,
,Boulevardier,Hladká whiskovka,Stir,"3cl campari, 3cl cinzano rosso 1757, 3cl Wild Turkey",pomík kůra,,,Negroni,,
,Kingston,Hladká whiskovka,,"3cl campari, 3cl cinzano rosso 1757, 3cl Angostura 7y",pomík kůra,,,Negroni,,
,Americano,Broušená whiskovka,Stir ve skle,"4cl campari, 4cl cinzano rosso 1757, Soda",plátek pomeranče,,,Negroni,,
,Negroni no. 22,broušená whiskovka,stir,"2cl Gin22 habanero mango, 3cl Cinzano 1957, 3cl Campari",plátek pomeranče,,,Negroni,,